"id","phase_id","title","description","content","type","order"
"1","1","Understanding Your Nervous System States","Learn to recognize your body's alarm system and how trauma affects your nervous system","{""tips"":[""Start with just 2-3 minutes if longer feels overwhelming"",""Use guided meditations or apps if focusing alone is difficult"",""Your nervous system needs consistency, not perfection"",""Practice during calm moments first"",""Notice without judgment - just observe your patterns""],""keyPoints"":[""Your amygdala (alarm system) becomes hyperactive after trauma"",""The prefrontal cortex (rational brain) goes offline during panic"",""Chronic stress shrinks your 'window of tolerance' for managing emotions"",""Your nervous system can be retrained through specific techniques""],""neuroscience"":""Your nervous system has three main states: ventral vagal (safe and social), sympathetic (fight/flight), and dorsal vagal (freeze/shutdown). Trauma keeps you stuck in survival states."",""timeEstimate"":""10 minutes"",""practicalApplication"":""Notice throughout the day: Am I in my calm state, activated state, or shutdown state?""}","educational","1"
"2","1","5-4-3-2-1 Grounding Technique","Interrupt panic responses by engaging your senses and bringing yourself back to the present moment","{""tips"":[""Practice when calm first, then during mild stress"",""Dont worry if you cant find all items"",""Use this anywhere - waiting rooms, cars, home"",""Speak items out loud for stronger grounding"",""Return to this technique whenever you feel overwhelmed""],""steps"":[""Name 5 things you can SEE around you (Look for details, colors, textures)"",""Name 4 things you can TOUCH (Feel different textures, temperatures)"",""Name 3 things you can HEAR (Listen for distant sounds, close sounds)"",""Name 2 things you can SMELL (Take gentle breaths through your nose)"",""Name 1 thing you can TASTE (Or take a sip of water mindfully)""],""neuroscience"":""This technique activates your parasympathetic nervous system by engaging your sensory cortex, which sends calming signals to your amygdala and helps regulate your nervous system."",""timeEstimate"":""5-7 minutes""}","interactive","2"
"3","1","Box Breathing for Nervous System Regulation","Use rhythmic breathing to activate your vagus nerve and calm your nervous system","{""whenToUse"":[""When you notice anxiety rising"",""Before difficult conversations"",""When your heart rate is elevated"",""As a daily practice for nervous system health""],""variations"":[""Try different counting speeds"",""Use hand positions: trace a square while breathing"",""Add visualization: imagine breathing in calm, breathing out tension"",""Practice with eyes open or closed"",""Count on fingers for tactile grounding""],""instructions"":""Breathe in for 4 counts, hold for 4, breathe out for 4, hold for 4. Repeat this cycle."",""neuroscience"":""Box breathing stimulates your vagus nerve, which activates your parasympathetic nervous system. This slows your heart rate, lowers blood pressure, and signals safety to your brain."",""progressions"":[""Beginner: 4-4-4-4 count"",""Intermediate: 6-6-6-6 count"",""Advanced: 8-8-8-8 count""],""timeEstimate"":""5-10 minutes"",""visualization"":""Imagine drawing a box: inhale up one side, hold across the top, exhale down the other side, hold across the bottom""}","interactive","3"
"4","1","Progressive Muscle Relaxation","Release physical tension and teach your body what relaxation feels like","{""tips"":[""Start with larger muscle groups first"",""Hold tension for 5-10 seconds then release completely"",""Notice the contrast between tension and relaxation"",""Do this before bed for better sleep"",""Skip any areas that cause pain""],""benefits"":[""Reduces cortisol (stress hormone) levels"",""Improves body awareness"",""Helps with sleep quality"",""Builds mind-body connection""],""sequence"":[""Feet and calves - curl toes, tense calves"",""Thighs and glutes - squeeze tight"",""Abdomen - pull belly button toward spine"",""Hands and arms - make fists, tense arms"",""Shoulders - lift toward ears"",""Face - scrunch forehead, close eyes tight, clench jaw""],""technique"":""Tense each muscle group for 5 seconds, then release and notice the contrast"",""variations"":[""Quick version: 3 seconds tension, 10 seconds relaxation"",""Extended version: 8 seconds tension, 30 seconds relaxation"",""Sitting version: Focus on upper body only"",""Mini version: Just hands, shoulders, and face for quick relief""],""instructions"":[""Find a comfortable position lying down or sitting in a chair"",""Start with your feet and work your way up your body"",""Tense each muscle group for exactly 5 seconds"",""Release suddenly and notice the feeling of relaxation"",""Take 10-20 seconds to notice the contrast before moving to the next group"",""Focus on the feeling of tension leaving your body""],""neuroscience"":""Trauma lives in the body. Progressive muscle relaxation helps release chronic tension patterns and teaches your nervous system the difference between tension and relaxation."",""timeEstimate"":""15-20 minutes""}","interactive","4"
"5","1","Cold Water Reset Technique","Use cold water to quickly reset your nervous system during intense emotional states","{""tips"":[""Keep a water bottle in the fridge for quick access"",""Use this technique during the peak of panic or overwhelm"",""Practice when calm so you remember during crisis"",""Combine with breathing exercises for enhanced effect"",""Keep ice packs or cold packs handy for emergencies""],""methods"":[""Cold water on wrists and face"",""Hold ice cubes in your hands"",""Splash cold water on face and neck"",""Take a cold shower (if available)""],""science"":""The trigeminal nerve in your face connects directly to your vagus nerve. Cold water stimulation sends immediate calming signals to your brain."",""variations"":[""Cold shower ending"",""Ice cubes on wrists"",""Cold washcloth on face"",""Frozen fruit as ice cubes"",""Cold water bottle held in hands""],""safetyNotes"":[""Don't use if you have heart conditions"",""Start with lukewarm water if very sensitive"",""Use for 30 seconds to 2 minutes maximum""],""instructions"":[""Choose your preferred method based on location and intensity needed"",""Start with lukewarm water if you are sensitive to cold"",""Apply cold water for 30 seconds to 2 minutes maximum"",""Focus on your breathing while using the technique"",""Notice the immediate calming effect on your nervous system"",""Follow up with gentle breathing exercises""],""neuroscience"":""Cold water activates the dive response, rapidly switching your nervous system from sympathetic (fight/flight) to parasympathetic (rest/digest). This technique can stop panic attacks within minutes."",""timeEstimate"":""2-3 minutes""}","interactive","5"
"6","1","Bilateral Stimulation for Emotional Regulation","Use cross-lateral movements to integrate both brain hemispheres and reduce emotional intensity","{""tips"":[""Start slowly if you feel dizzy"",""You can do this seated or standing"",""Focus on the cross-body movement"",""Combine with breathing for better results"",""Practice for 30 seconds to 2 minutes""],""duration"":""Continue for 1-5 minutes until you feel calmer"",""techniques"":[""Butterfly hug: Cross arms over chest, alternately tap shoulders"",""March in place: Lift knees, touch with opposite hand"",""Figure-8 breathing: Trace infinity symbol with finger while breathing"",""Alternating heel-toe walking""],""variations"":[""Seated version: Alternate tapping knees with opposite hands"",""Lying down: Cross arms and alternate tapping sides of body"",""Walking version: Natural cross-lateral arm swinging"",""Eye movements: Look left-right while breathing deeply""],""applications"":[""When feeling overwhelmed by memories"",""After nightmares or flashbacks"",""During therapy sessions"",""As daily nervous system maintenance""],""instructions"":[""Choose the technique that feels most comfortable for you"",""Start slowly and gently - this is not about intensity"",""Focus on the alternating, rhythmic movement"",""Notice any emotions or sensations that arise"",""Continue until you feel a sense of calm or completion"",""Take a few deep breaths when finished""],""neuroscience"":""Bilateral stimulation activates both brain hemispheres simultaneously, mimicking REM sleep patterns. This helps process traumatic memories and reduces emotional charge."",""timeEstimate"":""5-10 minutes""}","interactive","6"
"7","1","Window of Tolerance Assessment","Learn to recognize when you're in your optimal zone versus hyperarousal or hypoarousal","{""tips"":[""Use this assessment several times throughout the day"",""Notice patterns in your window of tolerance"",""Identify specific triggers that push you out of your window"",""Practice self-compassion when you are outside your window"",""Remember that your window can expand with practice""],""variations"":[""Quick check-in: Simple 1-10 scale assessment"",""Detailed version: Journal about each category"",""Body scan version: Focus on physical sensations"",""Relationship version: Notice how others affect your window""],""hypoarousal"":[""Numbness or disconnection"",""Extreme fatigue"",""Depression"",""Difficulty concentrating"",""Feeling hopeless""],""hyperarousal"":[""Racing thoughts"",""Rapid heartbeat"",""Anxiety or panic"",""Hypervigilance"",""Difficulty sleeping""],""instructions"":[""Read through each category and notice which resonates most"",""Rate your current state on a scale of 1-10"",""Identify your personal patterns and triggers"",""Notice what helps you return to your window"",""Create a personal plan for staying in your optimal zone"",""Practice this assessment regularly to build awareness""],""neuroscience"":""Your window of tolerance is the zone where you can handle stress without becoming overwhelmed (hyperarousal) or shutting down (hypoarousal). Trauma narrows this window."",""timeEstimate"":""15 minutes"",""practiceQuestions"":[""Where am I right now on this spectrum?"",""What helps me return to my window?"",""What are my early warning signs?""],""windowOfTolerance"":[""Can think clearly"",""Emotionally balanced"",""Physically relaxed"",""Socially engaged"",""Curious and learning""]}","assessment","7"
"8","1","Creating Your Personal Panic Protocol","Design a personalized action plan for when panic strikes","{""techniques"":[""Breathing technique of choice"",""Grounding method that works best"",""Physical movement or position"",""Self-compassion phrase"",""Safe person to contact if needed""],""neuroscience"":""Having a pre-planned response prevents your prefrontal cortex from going offline during panic. Your amygdala recognizes the familiar pattern and begins to calm more quickly."",""practicePlan"":[""Write your protocol down"",""Practice techniques when calm"",""Keep protocol easily accessible"",""Review and adjust as needed""],""timeEstimate"":""20-30 minutes"",""protocolSteps"":[""NOTICE: 'I'm having a panic response'"",""NORMALIZE: 'This is my nervous system trying to protect me'"",""NURTURE: Choose your go-to calming technique"",""NAVIGATE: Remind yourself this will pass""]}","planning","8"
"12","2","Understanding Self-Compassion Neuroscience","Discover how self-compassion literally rewires your brain for healing","{""tips"":[""Self-compassion is scientifically proven to improve resilience"",""Your brain can be rewired for more self-kindness"",""Criticism activates threat systems, compassion activates care systems"",""Self-compassion improves motivation, not decreases it"",""Practice makes these neural pathways stronger""],""keyPoints"":[""Self-compassion is not self-pity or weakness"",""It activates the same neural pathways as receiving compassion from others"",""Self-criticism triggers the brain's threat detection system"",""Compassion releases oxytocin, which counters stress hormones""],""components"":{""mindfulness"":{""practice"":""I notice I am suffering right now"",""definition"":""Acknowledging your pain without being consumed by it"",""neuroscience"":""Mindfulness engages your prefrontal cortex, creating space between you and overwhelming emotions""},""self_kindness"":{""practice"":""May I be kind to myself in this moment"",""definition"":""Treating yourself with the same care you would show a good friend"",""neuroscience"":""Self-kindness activates the caregiving system, releasing oxytocin and reducing cortisol""},""common_humanity"":{""practice"":""This is a moment of suffering. Suffering is part of life."",""definition"":""Recognizing that suffering is part of the human experience"",""neuroscience"":""Understanding shared humanity reduces isolation and activates your social connection systems""}},""instructions"":[""Find a quiet, comfortable space where you will not be interrupted"",""Take three deep breaths to center yourself before beginning"",""Remember this is practice - there are no right or wrong answers"",""Be gentle with yourself throughout this process"",""Take breaks if you feel overwhelmed""],""neuroscience"":""Self-compassion activates the caregiving system in your brain, releasing oxytocin and reducing cortisol. This creates the optimal neurochemical environment for healing trauma."",""timeEstimate"":""15-20 minutes"",""researchFindings"":[""Self-compassion is more predictive of mental health than self-esteem"",""It reduces anxiety and depression more effectively than self-criticism"",""People with higher self-compassion recover faster from trauma"",""Self-compassion training increases gray matter in emotion regulation areas""],""practiceReminders"":[""Start small - even 30 seconds of self-compassion helps"",""Use your name when speaking to yourself kindly"",""Place your hand on your heart during practice"",""Remember: you are worthy of compassion simply because you are human""],""selfCriticismEffects"":[""Activates threat detection system"",""Increases cortisol and inflammation"",""Narrows attention and problem-solving ability"",""Reinforces trauma patterns""],""selfCompassionBenefits"":[""Reduces cortisol and inflammation"",""Increases motivation and resilience"",""Enhances emotional regulation"",""Supports neuroplasticity and healing""]}","interactive","1"
"13","2","The Inner Critic Transformation","Transform your inner critic from enemy to ally through neuroscience-based techniques","{""variations"":[""Rewrite critical thoughts with kind alternatives"",""Create a compassionate inner voice character"",""Use your name when talking to yourself kindly"",""Write encouraging notes to yourself"",""Practice self-compassion breaks throughout the day""],""instructions"":[""Set aside 20-25 minutes for this practice"",""Have a journal or paper nearby for writing"",""Notice any resistance to self-compassion that arises"",""Practice the RAIN technique step by step"",""End by placing your hand on your heart and offering yourself kindness""],""neuroscience"":""Your inner critic developed as a protection mechanism but now activates your threat system unnecessarily. We can rewire this pattern through conscious intervention."",""timeEstimate"":""20-25 minutes"",""rainTechnique"":{""A"":{""name"":""Allow"",""example"":""It's okay that I'm feeling this way"",""practice"":""Let the feelings be present without fighting them""},""I"":{""name"":""Investigate"",""example"":""What do I need right now? What would help?"",""practice"":""Explore with kindness what you need""},""N"":{""name"":""Nurture"",""example"":""May I be kind to myself. May I give myself the compassion I need"",""practice"":""Offer yourself compassion""},""R"":{""name"":""Recognize"",""example"":""I notice I'm being really harsh with myself right now"",""practice"":""Notice when self-criticism arises""}},""critichOrigins"":[""Developed to keep you safe from rejection"",""Internalized critical voices from childhood"",""Hypervigilant attempt to prevent mistakes"",""Misguided strategy to motivate improvement""],""practiceExercises"":[""Write a compassionate letter to yourself"",""Practice the loving-kindness meditation"",""Notice and reframe three critical thoughts daily"",""Create a self-compassion phrase for difficult moments""],""commonCriticThemes"":{""emotions"":{""critic"":""You shouldn't feel this way"",""compassion"":""All emotions are valid information about your needs""},""comparison"":{""critic"":""Everyone else is doing better than you"",""compassion"":""Everyone has struggles you can't see. Your journey is unique""},""productivity"":{""critic"":""You should be doing more"",""compassion"":""Rest is productive. You are human, not a machine""},""perfectionism"":{""critic"":""You have to be perfect or you're worthless"",""compassion"":""Making mistakes is how humans learn and grow""}},""critizVsCompassion"":{""critic"":{""tone"":""Harsh, demanding, fear-based"",""effect"":""Increases stress, decreases motivation"",""language"":""You always..., You never..., You should..."",""brain_area"":""Activates amygdala and threat system""},""compassion"":{""tone"":""Warm, understanding, supportive"",""effect"":""Reduces stress, increases resilience"",""language"":""This is hard..., I understand..., What do you need?"",""brain_area"":""Activates caregiving system and prefrontal cortex""}},""compassionateVoiceDevelopment"":[""Speak to yourself as you would a dear friend"",""Use your name when offering self-compassion"",""Keep your voice tone warm and gentle"",""Focus on support rather than judgment""]}","interactive","2"
"14","2","Somatic Self-Compassion Practice","Use your body as a gateway to cultivating deep self-compassion and nervous system regulation","{""tips"":[""Place both hands on your heart or another soothing location"",""Breathe deeply while offering yourself kindness"",""Use gentle, warm touch like you would comfort a child"",""Notice where you feel tension and breathe kindness there"",""Start with just 30 seconds and build up""],""integration"":[""End with three deep breaths"",""Notice any shifts in your body"",""Acknowledge your courage for practicing"",""Set an intention for carrying this compassion forward""],""instructions"":[""Create a safe, private space for this practice"",""Start by connecting with your body through gentle breathing"",""Use touch only if it feels comfortable and safe"",""Notice any sensations without judgment"",""Honor your boundaries and go at your own pace""],""neuroscience"":""Touch activates your parasympathetic nervous system and releases oxytocin. Combining physical comfort with self-compassion creates powerful healing."",""timeEstimate"":""15-20 minutes"",""somaticApproach"":""The body holds both trauma and the capacity for healing. Through gentle touch and attention, we can access your natural capacity for self-care."",""touchTechniques"":{""self_hug"":{""purpose"":""Mimics being held and comforted"",""practice"":""Hold yourself gently. Say: You are safe and loved"",""description"":""Wrap your arms around yourself""},""heart_hand"":{""purpose"":""Activates caregiving system and oxytocin release"",""practice"":""Feel the warmth and weight of your hand. Say: I am here for you"",""description"":""Place your hand on your heart""},""face_cradle"":{""purpose"":""Provides nurturing touch to highly innervated area"",""practice"":""Feel the support of your hands. Say: You are precious and deserving of care"",""description"":""Cup your face in your hands""},""shoulder_comfort"":{""purpose"":""Offers stability and grounding"",""practice"":""Feel the strength of your hands. Say: You can handle this"",""description"":""Place hands on your shoulders""}},""difficultEmotions"":{""fear"":{""touch"":""Protective hand on belly"",""words"":""I can be scared and still be okay. I am safe in this moment""},""anger"":{""touch"":""Firm but gentle hand on chest"",""words"":""This anger is information. I can listen to it with kindness""},""shame"":{""touch"":""Warm hands on face"",""words"":""I am human and deserving of love, exactly as I am""},""sadness"":{""touch"":""Gentle hand on heart"",""words"":""Tears are healing. I can be with this sadness""}},""bodyAwarenessCheck"":{""after"":""Appreciate any shifts, however small"",""before"":""Notice areas of tension, pain, or numbness"",""during"":""Observe any changes as you practice""},""breathingIntegration"":{""steps"":[""Breathe in: I acknowledge my pain"",""Breathe out: I offer myself kindness"",""Breathe in: I am not alone in this"",""Breathe out: May I be gentle with myself""],""duration"":""5-10 breaths"",""technique"":""Compassionate breathing""},""traumaConsiderations"":[""Start with areas that feel safe"",""If touch feels uncomfortable, try hovering hands near the body"",""Honor your boundaries and go slowly"",""Stop if you feel overwhelmed""]}","interactive","3"
"15","2","Shame Resilience Building","Develop immunity to shame through understanding its neuroscience and building resilience practices","{""tips"":[""Start with small moments of shame recognition - not big trauma"",""Shame thrives in secrecy - sharing reduces its power"",""Name it to tame it - calling shame shame reduces its impact"",""Your shame stories are not facts about who you are"",""Building shame resilience is a practice, not a one-time fix""],""variations"":[""Write shame stories and rewrite them with compassion"",""Practice shame resilience with a trusted friend or therapist"",""Use body movement to release shame energy"",""Create art or music to express and transform shame"",""Practice shame resilience mantras: I am enough, I belong, I am worthy""],""instructions"":[""Approach this work with courage and self-compassion"",""Remember that shame loses power when it is named and shared"",""Take breaks if shame feelings become overwhelming"",""Practice the four Rs: Recognize, Reality-check, Reach out, Speak shame"",""Celebrate your bravery in doing this healing work""],""neuroscience"":""Shame activates the same neural pathways as physical pain and triggers fight/flight responses. Building shame resilience rewires these pathways for healing."",""shameVsGuilt"":{""guilt"":{""focus"":""Behavior and actions"",""effect"":""Motivation to repair"",""definition"":""I did something bad"",""brain_response"":""Activates learning centers, promotes growth""},""shame"":{""focus"":""Identity and self-worth"",""effect"":""Disconnection and hiding"",""definition"":""I am bad"",""brain_response"":""Activates threat system, increases cortisol""}},""timeEstimate"":""25-30 minutes"",""shameGremlins"":{""comparison"":{""message"":""Everyone else has it figured out"",""reality"":""You are comparing your insides to others' outsides"",""practice"":""Focus on your own journey and growth""},""perfectionism"":{""message"":""You have to be perfect or you are worthless"",""reality"":""Perfectionism is a trauma response. Making mistakes is human"",""practice"":""Good enough is good enough""},""approval_seeking"":{""message"":""You need everyone to like you"",""reality"":""Not everyone will like you, and that is okay"",""practice"":""Your worth is not determined by others' opinions""}},""shameTriggers"":[""Perfectionism and not meeting standards"",""Comparison to others"",""Rejection or criticism"",""Feeling different or not belonging"",""Making mistakes publicly"",""Vulnerability and emotional expression""],""shameResilience"":{""recognition"":{""benefit"":""Stops shame from going underground"",""example"":""I notice I am feeling shame right now"",""practice"":""Name shame when it arises""},""reaching_out"":{""benefit"":""Breaks the isolation that feeds shame"",""example"":""I felt ashamed when... Can I tell you about it?"",""practice"":""Share your experience with trusted others""},""speaking_truth"":{""benefit"":""Normalizes the experience and builds connection"",""example"":""This happened, and I felt... It was human"",""practice"":""Tell your story with compassion""}},""bodyShameHealing"":{""practice"":""Breathe into these areas with compassion"",""awareness"":""Notice where shame lives in your body"",""affirmation"":""My body is wise and has protected me"",""common_areas"":[""Chest tightness"",""Stomach churning"",""Shoulders hunching"",""Head hanging""]},""healingAffirmations"":[""I am worthy of love and belonging"",""My imperfections make me human, not broken"",""I can make mistakes and still be good"",""Vulnerability is courage, not weakness""],""shameStoryRewriting"":{""practice"":""When shame arises, ask: What would I tell a friend in this situation?"",""new_story"":""I am human and learning"",""old_story"":""I am fundamentally flawed""},""vulnarbilityPractice"":{""start_small"":""Share something minor that feels vulnerable"",""choose_wisely"":""Share with people who have earned the right to hear your story"",""build_gradually"":""Increase vulnerability as you build trust""},""selfCompassionForShame"":{""mindfulness"":""I notice shame arising and I do not need to be consumed by it"",""self_kindness"":""I can be gentle with myself in this moment of shame"",""common_humanity"":""All humans experience shame. I am not alone in this""}}","interactive","4"
"16","2","Perfectionism to Progress Mindset","Transform perfectionist patterns into healthy striving through neuroscience and mindset shifts","{""tips"":[""Perfectionism is a trauma response - be gentle with yourself"",""Progress over perfection always"",""Good enough is actually good enough"",""Notice perfectionist thoughts without believing them"",""Celebrate B+ work as success, not failure""],""mantras"":[""Progress over perfection"",""Done is better than perfect"",""I am learning and growing"",""Mistakes are stepping stones""],""variations"":[""Set B+ goals instead of A+ goals"",""Practice done is better than perfect"",""Share imperfect work to build tolerance"",""Time-box perfectionist tasks"",""Create perfectionism recovery mantras""],""instructions"":[""Set realistic expectations for this exercise"",""Remember that progress is more valuable than perfection"",""Challenge perfectionist thoughts gently but firmly"",""Focus on B+ goals rather than A+ standards"",""Practice self-compassion when perfectionist voices arise""],""neuroscience"":""Perfectionism activates your threat system constantly, keeping you in chronic stress. A progress mindset engages your learning centers and growth networks."",""timeEstimate"":""20-25 minutes"",""mindsetShifts"":{""from_fixed_to_growth"":""From: I should know this already. To: I can learn this"",""from_failure_to_feedback"":""From: I failed, I am worthless. To: This is information for growth"",""from_perfect_to_progress"":""From: I must do this perfectly. To: I can learn and improve"",""from_all_or_nothing_to_spectrum"":""From: It is either perfect or terrible. To: There is a whole spectrum of good""},""perfectionism"":{""definition"":""Setting unrealistically high standards and being self-critical when they are not met"",""brain_effect"":""Keeps you in chronic fight/flight, blocking creativity and learning"",""trauma_connection"":""Often develops as a protection strategy against criticism or rejection""},""progressMindset"":{""benefits"":[""Reduced anxiety and stress"",""Increased creativity and innovation"",""Better resilience and adaptability"",""Stronger relationships""],""definition"":""Focusing on growth, learning, and improvement rather than flawless outcomes"",""brain_effect"":""Activates learning centers and neuroplasticity""},""progressPractices"":{""embrace_drafts"":""First attempts are meant to be imperfect"",""start_before_ready"":""Begin before you feel fully prepared"",""learn_from_mistakes"":""Mistakes are data, not judgments"",""celebrate_small_wins"":""Acknowledge progress, not just completion""},""perfectionism_types"":{""self_oriented"":{""signs"":[""All-or-nothing thinking"",""Procrastination due to fear of failure"",""Difficulty celebrating achievements""],""healing"":""Practice good enough is good enough"",""description"":""Demanding perfection from yourself""},""other_oriented"":{""signs"":[""Criticism of others mistakes"",""Impatience with learning curves"",""Relationship strain""],""healing"":""Embrace others humanity and growth process"",""description"":""Demanding perfection from others""},""socially_prescribed"":{""signs"":[""Constant worry about judgment"",""Overworking to prove worth"",""Fear of disappointing others""],""healing"":""Reality-test these beliefs and set boundaries"",""description"":""Believing others expect perfection from you""}},""practicalStrategies"":{""time_boxing"":""Set time limits for tasks to prevent endless perfecting"",""draft_mentality"":""Label work as drafts to reduce pressure"",""mistake_budgets"":""Expect and plan for some mistakes"",""feedback_seeking"":""Ask for input early and often""},""perfectionismTriggers"":[""Starting new projects"",""Receiving feedback"",""Making mistakes publicly"",""Comparing to others"",""Time pressure""],""perfectionism_recovery"":{""reduce"":""Lower the bar to achievable"",""reward"":""Celebrate progress and effort, not just outcomes"",""recognize"":""Notice perfectionist thoughts and feelings"",""reality_check"":""Ask: Is this standard realistic and helpful?""},""selfCompassionForPerfectionism"":{""when_comparing"":""Everyone is on their own journey. I can appreciate others without diminishing myself"",""when_procrastinating"":""I am scared of not being good enough. That is understandable. I can try anyway"",""when_things_go_wrong"":""This is hard. Making mistakes is human. May I be kind to myself""}}","interactive","5"
"17","2","Emotional Validation Practice","Learn to validate your own emotions as the foundation for self-compassion and healing","{""tips"":[""Validation does not mean agreement"",""You can validate your own emotions"",""Start with smaller emotions before big trauma"",""Validation helps emotions move through you"",""Your emotions make sense given your experiences""],""mantras"":[""All emotions are valid"",""I can feel this and be okay"",""My emotions are information"",""I am allowed to feel""],""validation"":{""definition"":""Acknowledging and accepting your emotions without judgment"",""importance"":""Unvalidated emotions get stuck in the body and nervous system"",""brain_effect"":""Helps integrate emotions through the prefrontal cortex""},""variations"":[""Practice emotion naming throughout the day"",""Validate emotions in your body through gentle touch"",""Write validating letters to your younger self"",""Practice validating others emotions to build the skill"",""Use emotion validation apps or prompts""],""integration"":{""self_care"":""Provide yourself with comfort and support"",""action_steps"":""Take caring action based on your emotions"",""after_validation"":""Ask: What do I need right now?""},""instructions"":[""Start with the current emotion you are experiencing"",""Validate your emotions without trying to change them"",""Remember that all emotions provide important information"",""Practice speaking to your emotions with kindness"",""Notice how validation affects your nervous system""],""invalidation"":{""effects"":[""Emotions get stuck and intensify"",""Disconnection from inner wisdom"",""Increased anxiety and depression""],""definition"":""Dismissing, minimizing, or judging your emotional experience"",""common_forms"":[""I should not feel this way"",""Others have it worse"",""I am being too sensitive"",""I need to get over this""]},""neuroscience"":""Emotional validation activates your parasympathetic nervous system and helps integrate emotional experiences in healthy ways."",""timeEstimate"":""15-20 minutes"",""validation_steps"":{""1"":{""step"":""Notice and name the emotion"",""example"":""I notice I am feeling angry right now""},""2"":{""step"":""Acknowledge the emotion is valid"",""example"":""It makes sense that I would feel this way""},""3"":{""step"":""Explore what the emotion is telling you"",""example"":""My anger is telling me that my boundary was crossed""},""4"":{""step"":""Offer yourself compassion"",""example"":""I can be gentle with myself as I feel this""}},""difficult_emotions"":{""fear"":{""compassion"":""I can be afraid and still be brave"",""validation"":""My fear is trying to protect me from perceived threat""},""anger"":{""compassion"":""I can feel angry and still be a good person"",""validation"":""My anger is information about my needs and boundaries""},""shame"":{""compassion"":""I can feel shame and still be worthy of love"",""validation"":""My shame is a signal that I need connection and acceptance""},""sadness"":{""compassion"":""I can cry and still be strong"",""validation"":""My sadness shows that something mattered to me""}},""validation_obstacles"":{""comparison"":""Your feelings are valid regardless of others experiences"",""perfectionism"":""There is no perfect way to feel"",""time_pressure"":""Emotions do not have expiration dates"",""should_statements"":""Replace should with could""},""validation_practices"":{""body_scan"":""Notice where emotions live in your body"",""self_talk"":""Speak to yourself like a caring friend"",""feeling_wheel"":""Use a feelings wheel to identify specific emotions"",""emotion_journal"":""Write about your emotions without judgment""}}","interactive","6"
"18","2","Grief and Loss Integration","Honor the losses in your life and understand grief as a natural healing process","{""tips"":[""Grief is not linear - expect waves and cycles"",""There is no timeline for grief - take your time"",""Grief includes grieving the life you thought you would have"",""You can grieve multiple losses simultaneously"",""Grief and healing can coexist""],""variations"":[""Create grief rituals or ceremonies"",""Write letters to what you have lost"",""Use art, music, or movement to express grief"",""Practice grief meditation or mindfulness"",""Join grief support groups or communities""],""grief_myths"":{""myth1"":""Grief has a timeline"",""myth2"":""You should get over it"",""myth3"":""Grief means you are weak"",""reality1"":""Grief is unique to each person and situation"",""reality2"":""You learn to carry the loss differently"",""reality3"":""Grief takes tremendous strength and courage""},""grief_types"":{""death"":""Loss of a loved one"",""dreams"":""Loss of hopes and expectations"",""health"":""Loss of physical or mental health"",""identity"":""Loss of who you used to be"",""childhood"":""Loss of innocence or safety"",""relationship"":""End of significant relationships""},""grief_stages"":{""anger"":{""purpose"":""Provides energy to cope"",""compassion"":""Anger shows how much you cared"",""description"":""This is not fair""},""denial"":{""purpose"":""Protects from overwhelming reality"",""compassion"":""Denial gives you time to adjust"",""description"":""This cannot be happening""},""acceptance"":{""purpose"":""Integration and moving forward"",""compassion"":""Acceptance does not mean forgetting"",""description"":""Learning to live with the loss""},""bargaining"":{""purpose"":""Attempts to regain control"",""compassion"":""Bargaining shows your desire to fix things"",""description"":""What if I had done something different?""},""depression"":{""purpose"":""Allows for processing and integration"",""compassion"":""Depression reflects the depth of your loss"",""description"":""Deep sadness and emptiness""}},""instructions"":[""Honor that grief is not linear and has no timeline"",""Allow whatever emotions arise without judgment"",""Take time to feel the full weight of what you have lost"",""Practice holding grief with compassion rather than resistance"",""Remember that grieving is an act of love""],""neuroscience"":""Grief activates the same brain regions as physical pain. Processing grief allows for healthy integration and prevents complicated grief patterns."",""timeEstimate"":""25-30 minutes"",""somatic_grief"":{""fatigue"":""Grief is exhausting for body and mind"",""immune_changes"":""Grief affects immune system function"",""chest_tightness"":""Broken heart syndrome is real"",""sleep_disruption"":""Normal part of grief process""},""grief_practices"":{""nature"":""Spend time in natural settings for healing"",""ritual"":""Create meaningful ways to honor your loss"",""creativity"":""Express grief through art, music, or writing"",""storytelling"":""Share memories and experiences""},""grief_compassion"":{""mindfulness"":""I am grieving, and this is painful"",""self_kindness"":""I can be gentle with myself as I grieve"",""common_humanity"":""Loss is part of the human experience""},""complicated_grief"":{""signs"":[""Inability to accept the loss after a year"",""Persistent yearning and searching"",""Extreme avoidance of reminders"",""Loss of meaning and purpose""],""support"":""Professional help can be beneficial""},""integration_practices"":[""Create a memory box or photo album"",""Write a letter to what you have lost"",""Plant something in honor of your loss"",""Find ways to carry forward what was meaningful""]}","interactive","7"
"19","2","Self-Forgiveness Journey","Learn to forgive yourself for past mistakes and choices through compassionate understanding","{""tips"":[""Self-forgiveness is different from excusing harmful behavior"",""Forgiveness is for you, not for others"",""You can forgive yourself while still learning from mistakes"",""Self-forgiveness is a practice, not a destination"",""Start with forgiving small mistakes to build the skill""],""variations"":[""Write a self-forgiveness letter"",""Practice loving-kindness meditation for yourself"",""Use mirror work with self-forgiveness phrases"",""Create a self-forgiveness ritual or ceremony"",""Practice self-forgiveness mantras daily""],""instructions"":[""Approach self-forgiveness as a practice, not a destination"",""Distinguish between forgiveness and excusing harmful behavior"",""Write your forgiveness letter with genuine compassion"",""Remember that forgiveness is for your healing, not for others"",""Take this process slowly and be patient with yourself""],""neuroscience"":""Self-forgiveness reduces activity in the brains punishment centers and increases activity in areas associated with empathy and emotional regulation."",""timeEstimate"":""20-30 minutes"",""forgiveness_is"":[""Releasing the hold the past has on you"",""Choosing healing over punishment"",""Offering yourself compassion"",""Learning from the experience""],""forgiveness_is_not"":[""Excusing harmful behavior"",""Forgetting what happened"",""Avoiding accountability"",""Condoning the action""],""forgiveness_process"":{""learn"":{""step"":""Learn from the experience"",""example"":""I have learned... and will apply this knowledge""},""amends"":{""step"":""Make amends if possible and appropriate"",""example"":""I will take these steps to repair harm""},""forgive"":{""step"":""Offer yourself forgiveness"",""example"":""I forgive myself for being human and making mistakes""},""understand"":{""step"":""Understand the context and your humanity"",""example"":""I was doing the best I could with what I knew then""},""acknowledge"":{""step"":""Acknowledge what happened without minimizing"",""example"":""I acknowledge that I hurt someone I care about""},""responsibility"":{""step"":""Take responsibility without self-attack"",""example"":""I take responsibility for my part in this""}},""forgiveness_definition"":""Letting go of resentment toward yourself and choosing compassion instead"",""barriers_to_forgiveness"":{""fear"":""If I forgive myself, I might do it again"",""guilt"":""I did something terrible"",""shame"":""I am a bad person"",""perfectionism"":""I should have known better""},""forgiveness_affirmations"":[""I am human and I make mistakes"",""I can learn and grow from this experience"",""I deserve compassion and forgiveness"",""I choose healing over punishment""],""when_forgiveness_is_hard"":{""be_patient"":""Forgiveness is a process, not a one-time event"",""start_small"":""Begin with smaller mistakes and build up"",""seek_support"":""Consider therapy or spiritual guidance"",""practice_self_compassion"":""Be gentle with yourself as you learn""},""self_forgiveness_practices"":{""journaling"":""Write about your experience with compassion"",""meditation"":""Practice loving-kindness meditation for yourself"",""mirror_work"":""Look in the mirror and offer yourself forgiveness"",""letter_writing"":""Write a letter of forgiveness to yourself""},""forgiveness_and_accountability"":{""amends"":""Making amends is part of the forgiveness process"",""both_and"":""You can forgive yourself AND take responsibility"",""learning"":""True forgiveness includes learning and growth""}}","interactive","8"
"21","3","Understanding Pattern Recognition","Learn how your brain creates automatic patterns and why conscious observation is crucial for change","{""tips"":[""Understanding patterns is the first step to changing them"",""Look for both helpful and unhelpful patterns"",""Notice patterns without immediate judgment"",""Track patterns for at least 1-2 weeks"",""Small pattern changes can create big life changes""],""keyPoints"":[""Your brain creates patterns to save energy and predict outcomes"",""Many patterns were helpful in the past but may no longer serve you"",""Awareness is the first step to changing unconscious patterns"",""Pattern recognition activates your prefrontal cortex, giving you choice""],""neuroscience"":""Your brain processes approximately 11 million bits of information per second but only brings 40 bits to conscious awareness. Patterns help filter this information, but trauma can create maladaptive filtering systems. By consciously observing patterns, you engage your prefrontal cortex and create new neural pathways."",""practicalApplication"":""Start with small pattern observations: Notice when you feel most energized vs. drained. What situations trigger these states? Begin building awareness without judgment.""}","educational","1"
"22","3","Emotional Trigger Mapping","Practice identifying and understanding your emotional triggers through interactive mapping","{""variations"":[""Rate triggers on intensity scale 1-10"",""Note time of day when triggers are strongest"",""Track physical sensations with emotional triggers"",""Use color coding for different trigger types"",""Voice record trigger observations""],""instructions"":[""Identify your top 5 emotional triggers"",""Map the physical sensations each trigger creates"",""Notice the thoughts that follow each trigger"",""Observe your typical behavioral responses""],""neuroscience"":""Triggers activate your amygdala faster than your prefrontal cortex can process them. By mapping triggers consciously, you create new neural pathways that allow for choice rather than automatic reaction."",""timeEstimate"":""25-30 minutes""}","interactive","2"
"23","3","The Story Audit","Examine and rewrite the limiting stories you tell yourself","{""tips"":[""Look at your life story with curiosity, not judgment"",""Notice themes and repeated patterns"",""Consider how your story has shaped your strengths"",""Identify chapters where you showed resilience"",""Your story is still being written""],""instructions"":[""Identify the stories you tell yourself about your worth"",""Examine the evidence for and against these stories"",""Recognize which stories serve you and which limit you"",""Practice rewriting limiting stories with compassion""],""neuroscience"":""Your brain creates narratives to make sense of experiences. These stories become neural pathways that influence perception and behavior. Challenging and rewriting stories creates neuroplasticity and new possibilities."",""timeEstimate"":""30-35 minutes""}","interactive","3"
"24","3","Behavioral Pattern Analysis","Track and analyze your behavioral patterns across different emotional states","{""instructions"":[""Track your behaviors across different emotional states"",""Identify patterns that help vs. hurt your wellbeing"",""Notice the triggers that lead to specific behaviors"",""Design interrupts for unhelpful patterns""],""neuroscience"":""Behavioral patterns are encoded in your basal ganglia through repetition. Conscious analysis engages your prefrontal cortex, allowing you to interrupt automatic behaviors and create new, healthier patterns."",""timeEstimate"":""35-40 minutes""}","interactive","4"
"25","3","Neuroscience of Habits and Loops","Understand how habits form in your brain and how to change them","{""keyPoints"":[""Habits follow a cue-routine-reward loop in your brain"",""The basal ganglia automate repeated behaviors to save energy"",""Changing habits requires awareness of the entire loop"",""Small changes in cues or rewards can transform entire patterns""],""neuroscience"":""Habits are stored in the basal ganglia, which processes them automatically. When you identify the cue that triggers a habit and the reward it provides, you can consciously insert new routines. This process engages neuroplasticity and creates lasting change."",""practicalApplication"":""Choose one small habit you want to change. Identify its cue, routine, and reward. Experiment with changing just the routine while keeping the same cue and reward.""}","educational","5"
"26","3","Relationship Pattern Recognition","Identify recurring patterns in your relationships and practice new responses","{""instructions"":[""Identify recurring themes in your relationships"",""Notice your typical roles in conflicts or connections"",""Examine how past experiences influence current relationships"",""Practice new responses to break old patterns""],""neuroscience"":""Relationship patterns are encoded through attachment experiences and social learning. These patterns create expectations and responses that often operate below conscious awareness. Recognizing patterns allows for conscious choice in relationships."",""timeEstimate"":""30-35 minutes""}","interactive","6"
"27","3","Thought Pattern Interruption","Learn to catch and interrupt negative thought patterns in real-time","{""instructions"":[""Identify your most common negative thought patterns"",""Practice catching thoughts in real-time"",""Develop interrupt techniques for each pattern type"",""Create replacement thoughts that are more helpful""],""neuroscience"":""Repetitive thought patterns create strong neural pathways. Interrupting these patterns and introducing new thoughts creates competing pathways. Over time, the new pathways become stronger than the old ones."",""timeEstimate"":""25-30 minutes""}","interactive","7"
"28","3","Pattern Integration Practice","Reflect on your pattern discoveries and plan for positive change","{""prompts"":[""What patterns have you discovered about yourself this week?"",""Which patterns serve you well and should be strengthened?"",""What patterns would you like to change or interrupt?"",""How can you implement one small change to shift an unhelpful pattern?""],""integration_practices"":[""Choose one pattern to focus on changing this week"",""Set a gentle reminder to check in with yourself twice daily"",""Practice self-compassion when you notice old patterns"",""Celebrate small moments of conscious choice""]}","reflection","8"
"29","4","Understanding Healthy Boundaries","Learn the fundamentals of what boundaries are and why they are essential for wellbeing","{""tips"":[""Boundaries are about you, not about controlling others"",""Start with small, low-stakes boundary practice"",""Your no is a complete sentence"",""Boundary setting feels uncomfortable at first - this is normal"",""Healthy boundaries improve relationships over time""],""keyPoints"":[""Boundaries are limits that protect your physical, emotional, and mental wellbeing"",""Healthy boundaries preserve relationships by preventing resentment and burnout"",""Boundaries are not walls - they are gates with you as the gatekeeper"",""Setting boundaries is an act of self-respect and respect for others""],""neuroscience"":""The anterior cingulate cortex processes social rejection and boundary violations similarly to physical pain. When you have unclear boundaries, your brain stays in a state of hypervigilance, draining cognitive resources. Clear boundaries allow your prefrontal cortex to function optimally."",""practicalApplication"":""Start noticing when you feel resentful, overwhelmed, or taken advantage of. These feelings often signal boundary violations. Begin identifying your personal limits before attempting to communicate them.""}","educational","1"
"30","4","Boundary Types and Assessment","Identify different types of boundaries and assess your current boundary health","{""variations"":[""Start with emotional boundaries before physical ones"",""Practice internal boundaries (what you think about)"",""Set time boundaries for draining activities"",""Create energy boundaries around negative people"",""Establish digital boundaries with technology""],""instructions"":[""Learn about the 6 types of boundaries"",""Assess your current boundary strength in each area"",""Identify your boundary strengths and challenges"",""Create an action plan for boundary improvement""],""neuroscience"":""Different boundary types activate different neural networks. Physical boundaries engage sensorimotor regions, while emotional boundaries involve the limbic system and prefrontal cortex. Understanding these differences helps you tailor your boundary-setting strategies."",""timeEstimate"":""25-30 minutes"",""boundaryTypes"":{""time"":{""examples"":[""Work-life balance"",""Availability limits"",""Saying no to time demands""],""description"":""How you allocate and protect your time""},""energy"":{""examples"":[""Limiting draining interactions"",""Energy-giving vs. draining activities"",""Rest and recovery time""],""description"":""Protecting your mental and emotional energy""},""mental"":{""examples"":[""Not accepting others opinions as truth"",""Protecting your values"",""Mental privacy""],""description"":""Protection of your thoughts, values, and beliefs""},""material"":{""examples"":[""Money boundaries"",""Sharing belongings"",""Resource allocation""],""description"":""Boundaries around your possessions and resources""},""physical"":{""examples"":[""Personal space preferences"",""Touch boundaries"",""Physical privacy""],""description"":""Limits around your body, personal space, and physical touch""},""emotional"":{""examples"":[""Not taking on others emotions"",""Protecting against manipulation"",""Emotional privacy""],""description"":""Protection of your feelings and emotional energy""}}}","interactive","2"
"31","4","The Guilt-Free No Practice","Master the art of saying no without guilt, shame, or excessive explanation","{""instructions"":[""Practice different ways to say no clearly and kindly"",""Learn to manage guilt and anxiety around saying no"",""Develop scripts for common boundary-setting situations"",""Build confidence through progressive practice scenarios""],""neuroscience"":""Saying no activates the anterior cingulate cortex, which processes social pain. This is why saying no feels uncomfortable. By practicing, you strengthen neural pathways that make boundary-setting easier over time. The discomfort decreases as the behavior becomes more automatic."",""noStrategies"":{""delay"":{""when"":""When you need time to consider or check your capacity"",""examples"":[""Let me check my schedule and get back to you"",""I need to think about that""]},""simple"":{""when"":""Use for simple requests where no explanation is needed"",""examples"":[""No, thank you"",""I cannot do that"",""That does not work for me""]},""alternative"":{""when"":""When you want to help but need different terms"",""examples"":[""I cannot do X, but I could do Y"",""That does not work, but how about Z?""]},""broken_record"":{""when"":""When someone persists after your initial no"",""examples"":[""As I mentioned, I cannot do that"",""My answer remains no""]}},""timeEstimate"":""30-35 minutes""}","interactive","3"
"32","4","Boundary Communication Scripts","Learn effective scripts and language for communicating boundaries clearly and kindly","{""tips"":[""Practice scripts out loud before difficult conversations"",""Use I statements rather than you statements"",""Stay calm and repeat your boundary if challenged"",""Its okay to take breaks during boundary conversations"",""Celebrate small boundary wins to build confidence""],""instructions"":[""Practice boundary-setting language for different relationships"",""Learn to communicate boundaries without over-explaining"",""Develop confidence in your boundary communication style"",""Practice handling pushback and manipulation tactics""],""neuroscience"":""Clear, consistent boundary communication strengthens the neural pathways associated with self-advocacy. Mirror neurons mean others often respond better to calm, confident delivery than to anxious over-explanation."",""timeEstimate"":""35-40 minutes"",""communicationFramework"":{""boundary"":""However, I am not able/willing to..."",""acknowledge"":""I understand that you need/want..."",""alternative"":""What I can do is... / Here is what works for me...""}}","interactive","4"
"33","4","Recognizing Boundary Violations","Learn to identify when your boundaries are being crossed and how to respond effectively","{""tips"":[""Start by practicing recognizing when boundaries are crossed"",""Trust your gut feelings about boundary violations"",""Document patterns of boundary violations"",""Violations often start small and escalate"",""You have the right to enforce your boundaries""],""keyPoints"":[""Boundary violations often start small and escalate over time"",""Your emotional responses are valid indicators of boundary crossings"",""People may test boundaries - consistent enforcement is key"",""Some boundary violations are unintentional and can be addressed with communication""],""neuroscience"":""Your limbic system often detects boundary violations before your conscious mind does. Learning to trust these early warning signals (discomfort, irritation, anxiety) helps you address issues before they become major problems."",""violationSigns"":{""physical"":[""Tension in body"",""Fatigue after interactions"",""Sleep or appetite changes""],""emotional"":[""Feeling resentful"",""Anxiety around certain people"",""Feeling guilty for having needs""],""behavioral"":[""Avoiding certain people"",""Over-explaining decisions"",""Agreeing when you want to say no""]},""practicalApplication"":""Pay attention to physical sensations and emotional responses during interactions. Tension, irritation, or feeling drained often signal boundary issues that need attention.""}","educational","5"
"34","4","Workplace Boundary Scenarios","Practice setting boundaries in professional environments with role-playing exercises","{""scenarios"":{""overtime"":{""boundary"":""Protecting your personal time and work-life balance"",""situation"":""Boss expects you to work late regularly""},""extra_tasks"":{""boundary"":""Maintaining your job responsibilities without taking on others tasks"",""situation"":""Colleague constantly asks you to do their work""},""interruptions"":{""boundary"":""Protecting your concentration and productivity time"",""situation"":""Coworkers interrupt you constantly during focused work time""},""personal_info"":{""boundary"":""Maintaining privacy about personal matters"",""situation"":""Colleagues pry into your personal life""}},""variations"":[""Email templates for workplace boundary setting"",""Scripts for declining additional work responsibilities"",""Phrases for interrupting meetings that run over"",""Responses to inappropriate workplace comments"",""Boundaries around workplace socializing""],""instructions"":[""Navigate common workplace boundary challenges"",""Practice professional boundary-setting language"",""Learn to protect your time and energy at work"",""Develop strategies for difficult colleagues and situations""],""neuroscience"":""Workplace boundary violations activate stress response systems, leading to burnout and decreased performance. Clear professional boundaries actually improve work relationships and productivity by setting clear expectations."",""timeEstimate"":""30-35 minutes""}","interactive","6"
"35","4","Relationship Boundary Dynamics","Understand how to set and maintain boundaries in personal relationships","{""instructions"":[""Identify boundary challenges in different relationship types"",""Practice boundary conversations with family, friends, and partners"",""Learn to maintain boundaries despite emotional pressure"",""Develop strategies for relationships with poor boundary respect""],""neuroscience"":""Close relationships activate attachment systems that can override boundary-setting instincts. Understanding this helps you prepare for the emotional discomfort of setting boundaries with people you care about."",""timeEstimate"":""35-40 minutes"",""relationshipTypes"":{""family"":{""challenges"":[""Guilt and obligation"",""Long-standing patterns"",""Financial dependencies""],""strategies"":[""Start small"",""Be consistent"",""Prepare for pushback""]},""romantic"":{""challenges"":[""Fear of conflict"",""Codependency"",""Losing intimacy""],""strategies"":[""Discuss boundaries together"",""Respect each others limits"",""Maintain individuality""]},""friendships"":{""challenges"":[""Fear of losing friends"",""Reciprocity expectations"",""Social pressure""],""strategies"":[""Quality over quantity"",""Mutual respect"",""Clear communication""]}}}","interactive","7"
"36","4","Boundary Maintenance and Enforcement","Learn strategies for maintaining boundaries long-term and handling boundary violations","{""prompts"":[""What boundaries have you successfully set this week?"",""Where do you notice your boundaries being tested or violated?"",""How do you feel before, during, and after setting a boundary?"",""What support do you need to maintain your boundaries consistently?""],""reflection_areas"":{""growth"":""Notice how boundary-setting gets easier with practice"",""success"":""Celebrate moments when you successfully maintained a boundary"",""support"":""Recognize what helps you maintain boundaries consistently"",""challenges"":""Identify patterns in boundary violations and your responses""},""maintenance_strategies"":[""Regular boundary check-ins with yourself"",""Practicing boundary language until it feels natural"",""Building a support system that respects your boundaries"",""Adjusting boundaries as your needs and circumstances change""]}","reflection","8"
"37","5","Understanding Your Nervous System","Learn how your nervous system functions and its role in trauma recovery","{""keyPoints"":[""Your nervous system has three main branches: sympathetic (fight/flight), parasympathetic (rest/digest), and dorsal vagal (freeze/shutdown)"",""Trauma dysregulates the nervous system, creating stuck patterns of activation or shutdown"",""Nervous system regulation is the foundation of emotional healing and resilience"",""You can actively influence your nervous system through specific practices and awareness""],""neuroscience"":""The autonomic nervous system operates below conscious awareness but can be influenced through intentional practices. The vagus nerve, connecting brain to body, is key to regulation. Trauma can cause the nervous system to become hypervigilant or shut down as protective mechanisms."",""practicalApplication"":""Begin noticing your nervous system states throughout the day. What situations activate you? What helps you feel calm and grounded? This awareness is the first step to conscious regulation.""}","educational","1"
"38","5","Nervous System State Assessment","Identify your current nervous system patterns and triggers","{""variations"":[""Simple state check-ins during daily transitions"",""Body scan awareness practice"",""Emotional state labeling throughout the day"",""Energy level tracking with simple scales"",""Notice state changes with different people or environments""],""instructions"":[""Assess your typical nervous system responses to stress"",""Identify personal activation and shutdown triggers"",""Recognize your unique nervous system patterns"",""Create awareness of your regulatory capacity""],""neuroscience"":""Different nervous system states activate different brain regions and body responses. Hyperactivation engages the sympathetic system (rapid heartbeat, shallow breathing), while hypoactivation engages dorsal vagal shutdown (numbness, disconnection). Awareness creates choice."",""timeEstimate"":""25-30 minutes"",""nervousSystemStates"":{""sympathetic"":{""signs"":[""Rapid heartbeat"",""Tense muscles"",""Scattered thoughts"",""Anxiety or anger""],""description"":""Fight or flight - activated and energized for action""},""dorsal_vagal"":{""signs"":[""Low energy"",""Emotional numbness"",""Foggy thinking"",""Social withdrawal""],""description"":""Freeze or shutdown - disconnected and collapsed""},""ventral_vagal"":{""signs"":[""Steady breathing"",""Relaxed muscles"",""Clear thinking"",""Social engagement""],""description"":""Safe and social - feeling calm, connected, and engaged""}}}","interactive","2"
"39","5","Breathwork for Regulation","Master breathing techniques to actively regulate your nervous system","{""instructions"":[""Learn and practice multiple breathing techniques"",""Understand how breath affects nervous system states"",""Develop a personalized breathwork toolkit"",""Practice real-time regulation through breath""],""neuroscience"":""Breathing is the only autonomic function we can consciously control. Slow, deep breathing activates the parasympathetic nervous system through the vagus nerve. Different breathing patterns create different effects: longer exhales calm activation, rhythmic breathing regulates dysregulation."",""timeEstimate"":""30-35 minutes"",""breathingTechniques"":{""box_breathing"":{""pattern"":""Inhale 4, Hold 4, Exhale 4, Hold 4"",""benefits"":""Balances nervous system, reduces anxiety"",""when_to_use"":""When feeling anxious or overwhelmed""},""calming_breath"":{""pattern"":""Inhale 4, Exhale 6-8"",""benefits"":""Activates parasympathetic nervous system"",""when_to_use"":""To calm down from activation""},""energizing_breath"":{""pattern"":""Quick inhales and exhales for 30 seconds"",""benefits"":""Gently activates when feeling shut down"",""when_to_use"":""When feeling numb or disconnected""}}}","interactive","3"
"40","5","Somatic Awareness Practice","Develop body awareness to recognize and shift nervous system states","{""tips"":[""Start with gentle movement - never force anything"",""Focus on internal sensation rather than external appearance"",""Your body holds wisdom about what it needs"",""Shaking and trembling are natural trauma releases"",""Go slow and honor your body boundaries always""],""instructions"":[""Practice tuning into body sensations and signals"",""Learn to track nervous system states through the body"",""Develop somatic tools for regulation"",""Create a personalized body awareness practice""],""neuroscience"":""The body holds trauma and also holds the keys to healing. Interoception - awareness of internal bodily signals - is processed in the insula and helps regulate emotional states. Somatic practices create new neural pathways for safety and regulation."",""timeEstimate"":""35-40 minutes"",""somaticPractices"":{""shaking"":""Gentle shaking to release stuck activation energy"",""body_scan"":""Systematic attention to different body parts to notice sensations"",""grounding"":""Feeling connection to the earth through feet and seat"",""stretching"":""Mindful movement to restore nervous system balance""}}","interactive","4"
"41","5","Vagus Nerve Activation","Learn specific techniques to stimulate and strengthen your vagus nerve","{""tips"":[""Your vagus nerve is like a highway between your brain and body"",""Gentle humming, singing, or gargling activates the vagus nerve"",""Cold exposure also stimulates vagal tone"",""Laughing and social connection are natural vagus nerve activators"",""Regular practice builds stronger vagal tone over time""],""instructions"":[""Practice various vagus nerve stimulation techniques"",""Understand the role of the vagus nerve in regulation"",""Develop a daily vagus nerve care routine"",""Track your response to different activation methods""],""neuroscience"":""The vagus nerve is the longest cranial nerve, connecting brain to major organs. It regulates heart rate, digestion, and inflammatory responses. Strengthening vagal tone improves emotional regulation, stress resilience, and overall health. Simple practices can significantly enhance vagal function."",""timeEstimate"":""30-35 minutes"",""vagusTechniques"":{""humming"":{""practice"":""Hum for 30 seconds, notice the vibration in your chest and throat"",""description"":""Humming activates vagal pathways through vibration""},""singing"":{""practice"":""Sing favorite songs, focusing on the vibrations in your body"",""description"":""Singing engages vagal pathways and promotes regulation""},""gargling"":{""practice"":""Gargle water for 30 seconds, making it slightly vigorous"",""description"":""Gargling activates muscles connected to vagus nerve""},""cold_water"":{""practice"":""Splash cold water on face or hold cold object to wrists"",""description"":""Cold water on face or wrists stimulates vagus nerve""}}}","interactive","5"
"42","5","Creating Safety Anchors","Develop personalized tools and practices that help you feel safe and regulated","{""variations"":[""Create portable safety anchors you can carry"",""Use visual anchors like photos or symbols"",""Physical anchors like jewelry or stones"",""Scent anchors with essential oils"",""Sound anchors like calming music or mantras""],""instructions"":[""Identify what makes you feel genuinely safe and calm"",""Create portable safety practices for daily use"",""Develop environmental and relational safety anchors"",""Practice accessing safety states in different situations""],""neuroscience"":""Safety is not just the absence of threat - it is an active neurophysiological state. When the nervous system detects safety, it naturally moves toward regulation and healing. Creating reliable safety anchors helps train the nervous system to access calm states more easily."",""timeEstimate"":""35-40 minutes"",""safetyCategories"":{""sensory"":""Things you can see, hear, smell, touch, or taste that bring comfort"",""movement"":""Physical movements or positions that help you feel grounded"",""spiritual"":""Practices or beliefs that connect you to something larger"",""relational"":""People, pets, or memories that evoke feelings of safety"",""environmental"":""Places or spaces that naturally calm your nervous system""}}","interactive","6"
"43","5","Nervous System Recovery Routines","Build sustainable daily practices for ongoing nervous system health","{""instructions"":[""Design morning and evening nervous system care routines"",""Create practices for different energy levels and time constraints"",""Develop emergency regulation techniques for acute stress"",""Build long-term nervous system resilience practices""],""neuroscience"":""Nervous system regulation improves with consistent practice, like strengthening a muscle. Regular practices create neural pathways that make regulation more automatic. Morning routines set the tone for nervous system stability throughout the day, while evening routines support restorative sleep."",""routineTypes"":{""midday"":""Quick regulation techniques for workplace or busy times"",""evening"":""Calming practices to transition into rest and recovery"",""morning"":""Practices to start the day with nervous system balance"",""emergency"":""Fast-acting techniques for acute stress or activation""},""timeEstimate"":""25-30 minutes""}","planning","7"
"44","5","Nervous System Integration","Reflect on your nervous system journey and integrate new practices","{""prompts"":[""What have you learned about your unique nervous system patterns?"",""Which regulation techniques work best for you in different situations?"",""How has developing nervous system awareness changed your daily experience?"",""What practices will you commit to maintaining for ongoing nervous system health?""],""reflection_areas"":{""choice"":""Recognize moments when you actively chose regulation over reaction"",""progress"":""Acknowledge improvements in your capacity for self-regulation"",""awareness"":""Notice how much more aware you are of your nervous system states"",""commitment"":""Identify which practices you want to continue long-term""},""integration_practices"":[""Choose 2-3 regulation techniques that feel most helpful and accessible"",""Set reminders to check in with your nervous system throughout the day"",""Practice self-compassion when you notice dysregulation"",""Celebrate small moments of increased awareness and choice""]}","reflection","8"
"45","6","Understanding Integration","Learn what integration means and why it is essential for lasting transformation","{""tips"":[""Integration happens gradually - be patient with the process"",""Setbacks are normal and do not erase your progress"",""Focus on progress, not perfection"",""Your growth impacts others even when you cannot see it"",""Celebrate small wins and acknowledge your courage daily""],""keyPoints"":[""Integration is the process of weaving new insights, skills, and patterns into daily life"",""Without integration, positive changes remain temporary and surface-level"",""True healing happens when new patterns become automatic and embodied"",""Integration requires conscious practice, patience, and self-compassion""],""neuroscience"":""Neuroplasticity allows the brain to form new neural pathways, but these pathways must be strengthened through repetition to become automatic. Integration involves moving from conscious competence to unconscious competence, where healthy patterns become your new default responses."",""practicalApplication"":""Integration is not a one-time event but an ongoing process. Notice where you have grown and celebrate small changes. Be patient with yourself when old patterns resurface - this is normal and part of the integration journey.""}","educational","1"
"46","6","Growth Inventory Assessment","Comprehensively assess your progress across all phases of your Phoenix journey","{""variations"":[""Weekly growth celebration rituals"",""Integration vision boards or artwork"",""Growth tracking through photos or videos"",""Integration journaling with specific prompts"",""Creating integration accountability partnerships""],""instructions"":[""Review your growth across all previous phases"",""Identify your strongest areas of development"",""Recognize patterns and skills that need continued practice"",""Celebrate your transformation journey so far""],""neuroscience"":""Self-reflection activates the prefrontal cortex and strengthens metacognitive abilities. Recognizing your progress reinforces positive neural pathways and builds self-efficacy, which is crucial for maintaining long-term change."",""timeEstimate"":""35-40 minutes"",""assessmentAreas"":{""phase1_panic"":""How well can you now pause and regulate during panic or overwhelming moments?"",""phase2_humanity"":""How much more self-compassionate and accepting are you of your human experience?"",""phase3_patterns"":""How aware are you now of your patterns and triggers?"",""phase4_boundaries"":""How effectively can you establish and maintain healthy boundaries?"",""phase5_nervous_system"":""How well can you regulate your nervous system in different situations?""}}","interactive","2"
"47","6","Life Integration Planning","Create specific plans for integrating your Phoenix Method skills into daily life","{""tips"":[""Integration means bringing your healing into all areas of life"",""Start with small changes in daily routines"",""Notice how your growth affects work, relationships, and self-care"",""Some areas may integrate faster than others"",""Be patient with the integration process""],""instructions"":[""Identify key life areas where you want to apply your new skills"",""Create specific integration goals for work, relationships, and self-care"",""Develop action plans with concrete steps and timelines"",""Design accountability systems to support your continued growth""],""neuroscience"":""Goal-setting and planning activate the prefrontal cortex and create neural templates for future behavior. Specific, actionable plans are more likely to be implemented because they create clear neural pathways for execution."",""timeEstimate"":""40-45 minutes"",""integrationAreas"":{""triggers"":""How will you handle situations that previously activated old patterns?"",""self_care"":""What daily practices will you maintain to support your ongoing wellbeing?"",""work_career"":""How will you use stress regulation and pattern awareness in your professional life?"",""relationships"":""How will you apply boundary-setting and communication skills in your relationships?""}}","interactive","3"
"48","6","Relationship Transformation Practice","Apply your Phoenix Method skills to transform your key relationships","{""variations"":[""Practice healthy relationship skills with low-stakes relationships first"",""Communicate your growth and changing needs clearly"",""Set boundaries around how others discuss your healing"",""Seek relationships that support your continued growth"",""Release relationships that consistently undermine your healing""],""instructions"":[""Identify relationships that have been most affected by your growth"",""Practice new communication patterns and boundary-setting"",""Navigate changes in relationship dynamics with compassion"",""Create healthy relationship maintenance strategies""],""neuroscience"":""Relationships are where our deepest patterns are triggered and where transformation becomes most visible. Secure attachment patterns strengthen the nervous system and create resilience. Changing relationship dynamics requires patience as others adjust to your growth."",""timeEstimate"":""35-40 minutes"",""relationshipFocus"":{""family"":""How has your growth changed your family relationships?"",""romantic"":""What new patterns are you bringing to romantic relationships?"",""friendships"":""How are you attracting and maintaining healthier friendships?"",""professional"":""How has your professional presence and boundaries evolved?""}}","interactive","4"
"49","6","Phoenix Strengths Activation","Identify and activate your unique Phoenix strengths developed through your journey","{""instructions"":[""Recognize the unique strengths that have emerged from your trauma healing journey"",""Learn to leverage your Phoenix strengths in various life situations"",""Practice sharing your strengths with others when appropriate"",""Develop a personal Phoenix strengths activation plan""],""neuroscience"":""Strengths-based approaches activate reward centers in the brain and build self-efficacy. Trauma survivors often develop unique strengths like resilience, empathy, and intuition. Recognizing and using these strengths accelerates healing and creates meaning from difficult experiences."",""timeEstimate"":""30-35 minutes"",""phoenixStrengths"":{""wisdom"":""Hard-earned insights about life, relationships, and healing"",""courage"":""Willingness to face difficult truths and make necessary changes"",""empathy"":""Deep understanding and compassion for others experiencing pain"",""intuition"":""Heightened sensitivity to energy, emotions, and underlying dynamics"",""resilience"":""Your ability to bounce back from adversity and keep going"",""authenticity"":""Commitment to truth and genuine connection after removing masks""}}","interactive","5"
"50","6","Future Self Visioning","Connect with your integrated future self and create a compelling vision for continued growth","{""instructions"":[""Visualize yourself fully integrated and thriving"",""Identify the qualities and characteristics of your future integrated self"",""Create a detailed vision of your life when integration is complete"",""Develop bridge strategies to move toward this vision""],""neuroscience"":""Visualization activates the same neural networks as actual experience, creating mental rehearsal for future success. Future self-connection strengthens motivation and decision-making by activating the ventromedial prefrontal cortex, which processes personal relevance and meaning."",""timeEstimate"":""35-40 minutes"",""visioningElements"":{""purpose"":""What meaningful contribution are you making from your integrated state?"",""challenges"":""How does your integrated self handle stress and challenges?"",""daily_life"":""What does a typical day look like when you are fully integrated?"",""relationships"":""How do you show up in relationships when you are your integrated self?""}}","interactive","6"
"51","6","Integration Obstacles and Solutions","Identify potential challenges to integration and develop proactive solutions","{""instructions"":[""Identify potential obstacles to maintaining your growth and changes"",""Develop specific strategies for common integration challenges"",""Create contingency plans for when old patterns resurface"",""Build support systems to help you navigate integration challenges""],""neuroscience"":""Anticipating obstacles activates problem-solving networks in the prefrontal cortex and creates neural preparedness for challenges. Having pre-planned responses reduces cognitive load during difficult moments and increases the likelihood of choosing healthy responses."",""timeEstimate"":""30-35 minutes"",""commonObstacles"":{""isolation"":""Losing motivation without ongoing support and community"",""complacency"":""Becoming comfortable and stopping active growth practices"",""perfectionism"":""Expecting perfect implementation of new skills"",""stress_regression"":""Returning to old patterns during high stress periods"",""relationship_pushback"":""Others not accepting or understanding your changes""}}","planning","7"
"52","6","Phoenix Method Integration Reflection","Reflect deeply on your transformation journey and commit to continued integration","{""prompts"":[""How have you transformed since beginning the Phoenix Method journey?"",""What aspects of your growth are you most proud of?"",""Which skills and insights do you want to continue developing?"",""How will you honor your healing journey while continuing to grow?"",""What legacy do you want to create from your Phoenix transformation?""],""reflection_areas"":{""future"":""Envision how your continued integration will impact your life and others"",""wisdom"":""Recognize the wisdom you have gained through your healing journey"",""service"":""Consider how your healing journey might serve others in their growth"",""gratitude"":""Express gratitude for your courage to heal and grow"",""transformation"":""Acknowledge the depth and breadth of your personal transformation""},""integration_practices"":[""Write a letter to your past self acknowledging the journey you have taken"",""Create a personal Phoenix Method summary of your key learnings"",""Design a daily practice that honors your continued growth"",""Consider how you might support others on their healing journeys""]}","reflection","8"
"53","7","Understanding Your Phoenix Purpose","Discover how your healing journey has prepared you for meaningful contribution","{""tips"":[""Your pain has prepared you to help others heal"",""Start sharing your gifts in small, safe ways"",""Purpose emerges through action, not just contemplation"",""Your unique perspective is needed in the world"",""Service to others often accelerates your own healing""],""keyPoints"":[""Your trauma and healing journey has given you unique wisdom and perspective"",""Purpose emerges from the intersection of your gifts, experiences, and what the world needs"",""Phoenix purpose is about rising from your ashes to help light the way for others"",""Your purpose may evolve as you continue to heal and grow""],""neuroscience"":""Purpose activates the ventromedial prefrontal cortex and creates meaning networks in the brain that enhance resilience and wellbeing. When trauma survivors transform their pain into purpose, it activates post-traumatic growth pathways and creates neuroplasticity that supports continued healing."",""practicalApplication"":""Begin noticing where your unique experiences and insights naturally want to be expressed. Purpose often whispers before it roars - pay attention to what draws you, what you care about, and where people naturally seek your wisdom.""}","educational","1"
"54","7","Phoenix Gifts Assessment","Identify the unique gifts and wisdom you have gained through your healing journey","{""variations"":[""Take online assessments to identify natural gifts"",""Ask trusted friends what gifts they see in you"",""Reflect on what people naturally come to you for help with"",""Notice what activities make you feel most alive and engaged"",""Consider how your difficult experiences have given you unique wisdom""],""instructions"":[""Explore the gifts that have emerged from your healing journey"",""Identify your unique perspectives and wisdom"",""Recognize how your experiences can serve others"",""Assess your readiness to share your gifts with the world""],""neuroscience"":""Recognizing post-traumatic growth activates reward circuits and meaning-making networks. When survivors identify their unique gifts, it transforms their narrative from victim to victor, strengthening neural pathways associated with resilience and self-efficacy."",""timeEstimate"":""35-40 minutes"",""giftCategories"":{""wisdom"":""Hard-earned insights about life, relationships, and healing"",""courage"":""Willingness to face difficult truths and make changes"",""empathy"":""Deep understanding and compassion for others in pain"",""intuition"":""Heightened sensitivity to energy, emotions, and truth"",""resilience"":""Proven ability to overcome adversity and bounce back"",""authenticity"":""Commitment to genuine connection and honest living""}}","interactive","2"
"55","7","Purpose Exploration Practice","Explore different ways your Phoenix gifts could serve others and the world","{""variations"":[""Start with informal mentoring of friends or family"",""Share your story through social media or blogs"",""Volunteer with organizations serving similar populations"",""Become a peer support specialist or coach"",""Create educational content about your healing journey""],""instructions"":[""Explore various ways you could use your gifts to serve others"",""Consider different formats and platforms for sharing your wisdom"",""Assess which forms of service feel most authentic and energizing"",""Create a preliminary vision for your Phoenix purpose""],""neuroscience"":""Exploration activates the brains curiosity networks and opens new neural pathways. When we envision serving others, mirror neurons activate empathy circuits, while reward centers respond to imagined positive impact, creating motivation for purposeful action."",""timeEstimate"":""40-45 minutes"",""serviceOptions"":{""writing"":""Sharing your story and insights through books, blogs, or articles"",""advocacy"":""Working to change systems or raise awareness about important issues"",""creative"":""Using art, music, or other creative expressions to inspire healing"",""speaking"":""Presenting your experience and wisdom to groups or audiences"",""teaching"":""Formal or informal education about healing, growth, or life skills"",""mentoring"":""One-on-one guidance for others on similar healing journeys""}}","interactive","3"
"56","7","Living Your Purpose Planning","Create a practical plan for integrating your Phoenix purpose into your life","{""tips"":[""Balance service with continued self-care and healing"",""Start small and build your service capacity gradually"",""Connect with others doing similar service work for support"",""Remember: you cannot pour from an empty cup"",""Your service work should energize you, not drain you""],""instructions"":[""Develop concrete steps for beginning to live your purpose"",""Create realistic timelines and goals for purposeful action"",""Identify resources and support needed for your purpose journey"",""Plan how to balance purpose work with self-care and continued healing""],""neuroscience"":""Goal-setting and planning activate the prefrontal cortex and create neural templates for action. When purpose goals are specific and meaningful, they engage both motivation and executive function networks, increasing likelihood of follow-through."",""timeEstimate"":""40-45 minutes"",""planningAreas"":{""support"":""What resources, training, or support do you need to succeed?"",""immediate"":""What can you do in the next 30 days to begin living your purpose?"",""long_term"":""What is your vision for purposeful living in 1-2 years?"",""short_term"":""What goals will you work toward in the next 3-6 months?""}}","interactive","4"
"57","7","Phoenix Legacy Visioning","Envision the lasting impact you want to create through your Phoenix transformation","{""tips"":[""Legacy thinking helps clarify what really matters to you"",""Your legacy starts with how you impact people today"",""Small actions can have generational impact"",""Legacy is about contribution, not achievement"",""Your healing journey can be part of your legacy""],""legacyAreas"":{""global"":""How might your story and gifts serve people beyond your immediate circle?"",""personal"":""How do you want your healing to impact your immediate relationships?"",""community"":""What contribution do you want to make to your local community?"",""generational"":""What legacy do you want to leave for future generations?""},""instructions"":[""Visualize the legacy you want to create from your healing journey"",""Consider how your transformation can inspire and help others"",""Explore what you want to be remembered for and known for"",""Connect with the ripple effects of your Phoenix purpose""],""neuroscience"":""Legacy thinking activates the default mode network and autobiographical memory systems, helping integrate past experiences with future aspirations. Visualizing positive impact on others stimulates reward centers and strengthens motivation for meaningful action."",""timeEstimate"":""35-40 minutes""}","interactive","5"
"58","7","Service Readiness Assessment","Assess your readiness to step into service and identify areas for continued growth","{""variations"":[""Start with readiness self-assessment questionnaires"",""Get feedback from trusted mentors or therapists"",""Practice serving others in small, low-pressure ways"",""Join peer support or volunteer organizations"",""Develop a personal mission statement for service""],""instructions"":[""Honestly assess your current readiness for purposeful service"",""Identify areas where you feel strong and confident"",""Recognize areas that need continued healing or development"",""Create a self-care plan to support your service work""],""neuroscience"":""Self-assessment activates metacognitive networks and the anterior cingulate cortex, supporting honest self-reflection. Identifying both strengths and growth areas creates balanced neural representations that support sustainable service."",""timeEstimate"":""30-35 minutes"",""readinessAreas"":{""support"":""How strong are your support systems for your own continued healing?"",""triggers"":""How aware and prepared are you for potential triggers in service work?"",""emotional"":""How stable and regulated is your emotional state?"",""boundaries"":""How well can you maintain healthy boundaries while helping others?""}}","interactive","6"
"59","7","Phoenix Method Integration and Service","Integrate all phases of your journey and commit to serving others","{""instructions"":[""Review your entire Phoenix Method journey and transformation"",""Identify how each phase has prepared you for purposeful service"",""Create commitments for continued growth and service"",""Design support systems for your ongoing Phoenix journey""],""neuroscience"":""Integration activates multiple brain networks simultaneously, creating cohesive neural representations of growth. When we commit to service, it activates prosocial brain networks and releases oxytocin, supporting both wellbeing and connection to others."",""timeEstimate"":""35-40 minutes"",""integrationAreas"":{""growth"":""How will you continue growing while serving others?"",""commitment"":""What specific commitments are you ready to make for service?"",""preparation"":""How has each phase prepared you for meaningful service?"",""transformation"":""How have you transformed through each phase of the Phoenix Method?""}}","planning","7"
"60","7","Phoenix Rising Celebration","Celebrate your transformation and commit to your Phoenix purpose","{""prompts"":[""How do you want to honor and celebrate your Phoenix transformation?"",""What are you most proud of in your healing and growth journey?"",""How will you remember this moment when challenges arise?"",""What commitment are you making to yourself and others as you rise?"",""How will you continue to embody the Phoenix spirit in your daily life?""],""reflection_areas"":{""pride"":""Acknowledge the incredible strength and resilience you have shown"",""future"":""Envision yourself as a beacon of hope and healing for others"",""wisdom"":""Recognize the profound wisdom you have gained through your journey"",""purpose"":""Commit to using your gifts and experiences in service of others"",""gratitude"":""Express deep gratitude for your courage to heal and transform""},""celebration_practices"":[""Write a letter to your future self with your Phoenix commitments"",""Create a Phoenix symbol or ritual that represents your transformation"",""Share your story with someone who needs to hear it"",""Make a formal commitment to your Phoenix purpose and service""]}","reflection","8"